{
    "default_fitness": 500.0,
    "population_size": 100,
    "gap": 0.5,
    "mutation_percent": 0.5,
    "crossover_percent": 0.5,
    "n_generations": 100,
    "n_trials": 100,
    "seed": null,
    "program_parameters": {
        "program_parameters": {
            "max_instructions": 23,
            "instruction_generator_parameters": {
                "n_extras": 1,
                "external_factor": 92.04438205753976,
                "n_actions": 2,
                "n_inputs": 4
            }
        },
        "consts": {
            "alpha": 0.9933093715472482,
            "gamma": 0.9493877958652062,
            "epsilon": 0.7024493518448414,
            "alpha_decay": 0.24276313855515808,
            "epsilon_decay": 0.293833697874351
        }
    }
}
